gsc_reason,url,gsc_last_crawled,page_type,current_outcome,http_status,redirect_location,self_canonical,sitemap_segment,sitemap_last_modified,indexable,initial_html_useful,initial_html_evidence,visible_inbound_count,visible_inbound_depth,visible_inbound_sources,publication_or_update_evidence,pub_tier,verification_age,price_complete,happy_hour_complete,description_available,legitimacy,suburb_total_pubs,suburb_legitimate_pubs,suburb_indexable_pubs,suburb_current_price_count,suburb_current_price_coverage
Crawled — currently not indexed,https://perthpintprices.com/west-leederville/exchange-bar,2026-07-06,pub,current eligible; report cohort may lag current state,200,,yes,pubs,2026-02-27T05:48:18.611Z,yes,limited,h1=yes; item_list=0; initial_html_path_links=17; methodology=no,5,0 (no rendered path from homepage),/happy-hour; /west-leederville; /west-leederville/back-bar; /west-leederville/leederville-sporting-club-inc; /west-leederville/otherside-of-nowhere,n/a,A,unknown,no,yes,no,legitimate,n/a,n/a,n/a,n/a,n/a
Crawled — currently not indexed,https://perthpintprices.com/perth/18-knots-rooftop-bar,2026-07-05,pub,current eligible; report cohort may lag current state,200,,yes,pubs,2026-06-03T00:36:52.323Z,yes,limited,h1=yes; item_list=0; initial_html_path_links=17; methodology=no,81,0 (no rendered path from homepage),/happy-hour; /happy-hour/friday; /happy-hour/monday; /happy-hour/thursday; /happy-hour/tuesday; /happy-hour/wednesday; /perth; /perth-cbd/bobs-bar; /perth-cbd/petition-brewery; /perth-cbd/sentinel-bar; /perth-cbd/the-reveley; /perth/399-small-bar; … 69 more measured sources,n/a,A,47d,yes,yes,no,legitimate,n/a,n/a,n/a,n/a,n/a
Crawled — currently not indexed,https://perthpintprices.com/perth-cbd/varnish-on-king,2026-07-05,pub,current eligible; report cohort may lag current state,200,,yes,pubs,2026-02-17T11:14:07.526Z,yes,limited,h1=yes; item_list=0; initial_html_path_links=17; methodology=no,2,0 (no rendered path from homepage),/perth-cbd; /perth/ferrara-karaoke-bar,n/a,A,153d,yes,no,no,legitimate,n/a,n/a,n/a,n/a,n/a
Crawled — currently not indexed,https://perthpintprices.com/leederville/the-garden,2026-07-05,pub,current eligible; report cohort may lag current state,200,,yes,pubs,2026-02-17T11:12:11.491Z,yes,limited,h1=yes; item_list=0; initial_html_path_links=17; methodology=no,12,0 (no rendered path from homepage),/happy-hour; /leederville; /leederville/back-lot-perth; /leederville/fibber-mcgees; /leederville/leederville-hotel; /leederville/naber-bar-leederville; /leederville/niche-bar; /leederville/pinchos-bar-de-tapas; /leederville/powells-fromagerie-and-wine-bar; /leederville/robert-s-on-oxford; /leederville/the-whippet-club; /west-leederville/nowhereman-brewing,n/a,A,153d,yes,yes,no,legitimate,n/a,n/a,n/a,n/a,n/a
Crawled — currently not indexed,https://perthpintprices.com/mount-hawthorn/pirate-bar,2026-07-04,pub,current eligible; report cohort may lag current state,200,,yes,pubs,2026-02-27T05:47:30.538Z,yes,limited,h1=yes; item_list=0; initial_html_path_links=17; methodology=no,10,0 (no rendered path from homepage),/happy-hour; /happy-hour/friday; /happy-hour/saturday; /happy-hour/sunday; /happy-hour/thursday; /happy-hour/wednesday; /mount-hawthorn; /mount-hawthorn/little-brother-small-bar; /north-perth/charles-hotel; /north-perth/yokine-districts-bowling-club,n/a,A,unknown,no,yes,no,legitimate,n/a,n/a,n/a,n/a,n/a
Crawled — currently not indexed,https://perthpintprices.com/leederville/niche-bar,2026-07-04,pub,current eligible; report cohort may lag current state,200,,yes,pubs,2026-03-02T01:04:13.840Z,yes,limited,h1=yes; item_list=0; initial_html_path_links=17; methodology=no,7,0 (no rendered path from homepage),/happy-hour; /leederville; /leederville/hippie-club; /leederville/purple-club; /leederville/the-manor; /west-leederville/exchange-bar; /west-leederville/otherside-of-nowhere,n/a,A,140d,yes,yes,yes,legitimate,n/a,n/a,n/a,n/a,n/a
Crawled — currently not indexed,https://perthpintprices.com/joondalup/paddy-malones,2026-07-04,pub,current eligible; report cohort may lag current state,200,,yes,pubs,2026-02-27T05:46:41.457Z,yes,limited,h1=yes; item_list=0; initial_html_path_links=17; methodology=no,10,0 (no rendered path from homepage),/happy-hour; /happy-hour/friday; /happy-hour/monday; /happy-hour/thursday; /happy-hour/tuesday; /happy-hour/wednesday; /joondalup; /joondalup/frequency-nightclub; /joondalup/risq-small-bar; /joondalup/varsity-joondalup,n/a,A,unknown,no,yes,no,legitimate,n/a,n/a,n/a,n/a,n/a
Crawled — currently not indexed,https://perthpintprices.com/perth-cbd/the-reveley,2026-07-04,pub,current eligible; report cohort may lag current state,200,,yes,pubs,2026-02-17T11:14:07.526Z,yes,limited,h1=yes; item_list=0; initial_html_path_links=17; methodology=no,10,0 (no rendered path from homepage),/happy-hour; /perth-cbd; /perth-cbd/petition-beer-corner; /perth-cbd/petition-brewery; /perth/6-degrees-bar; /perth/oyster-bar-elizabeth-quay; /perth/songbird-bar; /perth/the-island-at-elizabeth-quay; /perth/the-moonlight-express; /pubs-near-elizabeth-quay,n/a,A,153d,yes,yes,no,legitimate,n/a,n/a,n/a,n/a,n/a
Crawled — currently not indexed,https://perthpintprices.com/guides/cozy-corners,2026-07-04,guide,current eligible; report cohort may lag current state,200,,yes,content,2026-06-28T21:07:09.000Z,yes,limited,h1=yes; item_list=0; initial_html_path_links=24; methodology=no,1,0 (no rendered path from homepage),/discover,template/editorial date: see sitemap-content.xml,n/a,n/a,n/a,n/a,n/a,n/a,n/a,n/a,n/a,n/a,n/a
Crawled — currently not indexed,https://perthpintprices.com/beechboro/beeches-tavern,2026-07-04,pub,current eligible; report cohort may lag current state,200,,yes,pubs,2026-02-17T11:16:01.719Z,yes,limited,h1=yes; item_list=0; initial_html_path_links=15; methodology=no,3,0 (no rendered path from homepage),/beechboro; /beechboro/altone-park-golf-course; /beechboro/springs-tavern,n/a,A,153d,yes,no,yes,legitimate,n/a,n/a,n/a,n/a,n/a
Crawled — currently not indexed,https://perthpintprices.com/beechboro/springs-tavern,2026-07-04,pub,current eligible; report cohort may lag current state,200,,yes,pubs,2026-02-17T11:16:01.719Z,yes,limited,h1=yes; item_list=0; initial_html_path_links=15; methodology=no,3,0 (no rendered path from homepage),/beechboro; /beechboro/altone-park-golf-course; /beechboro/beeches-tavern,n/a,A,153d,no,yes,yes,legitimate,n/a,n/a,n/a,n/a,n/a
Crawled — currently not indexed,https://perthpintprices.com/mount-helena/mount-helena-tavern,2026-07-03,pub,current eligible; report cohort may lag current state,200,,yes,pubs,2026-02-27T05:46:41.457Z,yes,limited,h1=yes; item_list=0; initial_html_path_links=12; methodology=no,4,0 (no rendered path from homepage),/happy-hour/sunday; /happy-hour/thursday; /happy-hour/wednesday; /mount-helena,n/a,A,unknown,no,yes,no,legitimate,n/a,n/a,n/a,n/a,n/a
Crawled — currently not indexed,https://perthpintprices.com/woodvale/the-woodvale-tavern,2026-07-03,pub,current eligible; report cohort may lag current state,200,,yes,pubs,2026-02-17T11:13:41.704Z,yes,limited,h1=yes; item_list=0; initial_html_path_links=14; methodology=no,2,0 (no rendered path from homepage),/craigie/the-craigie-tavern; /woodvale,n/a,A,153d,yes,no,no,legitimate,n/a,n/a,n/a,n/a,n/a
Crawled — currently not indexed,https://perthpintprices.com/craigie/the-craigie-tavern,2026-07-03,pub,current eligible; report cohort may lag current state,200,,yes,pubs,2026-02-17T11:13:41.704Z,yes,limited,h1=yes; item_list=0; initial_html_path_links=15; methodology=no,3,0 (no rendered path from homepage),/craigie; /ocean-reef/beldon-tavern; /woodvale/the-woodvale-tavern,n/a,A,153d,yes,no,no,legitimate,n/a,n/a,n/a,n/a,n/a
Crawled — currently not indexed,https://perthpintprices.com/southern-river/brooklands-tavern,2026-07-03,pub,current eligible; report cohort may lag current state,200,,yes,pubs,2026-02-27T05:45:51.430Z,yes,limited,h1=yes; item_list=0; initial_html_path_links=15; methodology=no,4,0 (no rendered path from homepage),/canning-vale/gosnells-golf-club; /happy-hour; /southern-river; /southern-river/chimek-southern-river,n/a,A,unknown,no,yes,no,legitimate,n/a,n/a,n/a,n/a,n/a
Crawled — currently not indexed,https://perthpintprices.com/bassendean/down-the-road-bar-and-grill,2026-07-03,pub,current eligible; report cohort may lag current state,200,,yes,pubs,2026-02-17T11:16:01.719Z,yes,limited,h1=yes; item_list=0; initial_html_path_links=17; methodology=no,6,0 (no rendered path from homepage),/bassendean; /bassendean/4-mates-bar-and-grill-bassendean; /bassendean/bertie; /bassendean/caravan-and-tonic; /bassendean/kuala-lumpur-cocktail-cafe; /happy-hour,n/a,A,153d,yes,yes,yes,legitimate,n/a,n/a,n/a,n/a,n/a
Crawled — currently not indexed,https://perthpintprices.com/burswood/blasta-brewing,2026-07-02,pub,current eligible; report cohort may lag current state,200,,yes,pubs,2026-02-17T11:14:34.454Z,yes,limited,h1=yes; item_list=0; initial_html_path_links=17; methodology=no,7,0 (no rendered path from homepage),/burswood; /burswood/blasta-collective; /burswood/crown-nightclub; /burswood/fusion-bar; /burswood/rocky-ridge-burswood; /lathlain/empire-bar; /rivervale/w-xyz-bar,n/a,A,153d,yes,no,no,legitimate,n/a,n/a,n/a,n/a,n/a
Crawled — currently not indexed,https://perthpintprices.com/fremantle/gage-roads-freo-brewery,2026-07-02,pub,current eligible; report cohort may lag current state,200,,yes,pubs,2026-02-27T05:45:51.430Z,yes,limited,h1=yes; item_list=0; initial_html_path_links=17; methodology=no,4,0 (no rendered path from homepage),/fremantle; /fremantle/freo-harbour-bar; /fremantle/gage-roads-brew-co; /fremantle/quay-inn-licensed-bar,n/a,B,unknown,yes,no,no,legitimate,n/a,n/a,n/a,n/a,n/a
Crawled — currently not indexed,https://perthpintprices.com/fremantle/running-with-thieves,2026-07-02,pub,current eligible; report cohort may lag current state,200,,yes,pubs,2026-02-17T11:13:16.615Z,yes,limited,h1=yes; item_list=0; initial_html_path_links=17; methodology=no,6,0 (no rendered path from homepage),/fremantle; /fremantle/big-easy-south-freo; /fremantle/percy-flint; /fremantle/the-local-hotel; /south-fremantle/pretty-penny-taphouse; /student-pints-perth,n/a,A,153d,yes,no,no,legitimate,n/a,n/a,n/a,n/a,n/a
Crawled — currently not indexed,https://perthpintprices.com/scarborough/indi-bar,2026-07-01,pub,current eligible; report cohort may lag current state,200,,yes,pubs,2026-02-17T11:15:13.252Z,yes,limited,h1=yes; item_list=0; initial_html_path_links=17; methodology=no,7,0 (no rendered path from homepage),/scarborough; /scarborough/alchemy-brew-house; /scarborough/brighton-wine-bar; /scarborough/little-wave-scarborough; /scarborough/scarborough-lemonade-stand; /scarborough/skol; /scarborough/white-sands-tavern,n/a,A,153d,yes,yes,yes,legitimate,n/a,n/a,n/a,n/a,n/a
Crawled — currently not indexed,https://perthpintprices.com/rockingham/the-sporting-globe-rockingham,2026-06-30,pub,current eligible; report cohort may lag current state,200,,yes,pubs,2026-02-17T11:14:07.526Z,yes,limited,h1=yes; item_list=0; initial_html_path_links=17; methodology=no,5,0 (no rendered path from homepage),/cooloongup/nags-head-tavern; /rockingham; /rockingham/leisure-inn; /rockingham/sidelines-sports-bar; /rockingham/the-swinging-pig,n/a,A,153d,yes,yes,no,legitimate,n/a,n/a,n/a,n/a,n/a
Crawled — currently not indexed,https://perthpintprices.com/carlisle/the-carlisle-hotel,2026-06-30,pub,current eligible; report cohort may lag current state,200,,yes,pubs,2026-02-17T11:14:07.526Z,yes,limited,h1=yes; item_list=0; initial_html_path_links=17; methodology=no,3,0 (no rendered path from homepage),/carlisle; /lathlain/cosy-dels; /student-pints-perth,n/a,A,153d,yes,no,no,legitimate,n/a,n/a,n/a,n/a,n/a
Crawled — currently not indexed,https://perthpintprices.com/mount-lawley/the-elford,2026-06-30,pub,current eligible; report cohort may lag current state,200,,yes,pubs,2026-03-02T01:04:13.840Z,yes,limited,h1=yes; item_list=0; initial_html_path_links=17; methodology=no,11,0 (no rendered path from homepage),/happy-hour; /mount-lawley; /mount-lawley/4-mates-bar-and-grill-mt-lawley; /mount-lawley/bar-vino; /mount-lawley/defectors-bar; /mount-lawley/dirty-habit-mtlawley; /mount-lawley/grilld-burgers-mt-lawley; /mount-lawley/inglewood-bowling-and-sports-club; /mount-lawley/piazza-bar-ristorante; /mount-lawley/testun-bar; /north-perth/rosemount-hotel,n/a,A,140d,yes,yes,no,legitimate,n/a,n/a,n/a,n/a,n/a
Crawled — currently not indexed,https://perthpintprices.com/mindarie/indian-ocean-brewing-company,2026-06-30,pub,current eligible; report cohort may lag current state,200,,yes,pubs,2026-02-17T11:15:13.252Z,yes,limited,h1=yes; item_list=0; initial_html_path_links=17; methodology=no,6,0 (no rendered path from homepage),/clarkson/on-the-border; /mindarie; /mindarie/cabana-pool-bar; /mindarie/life-boat; /mindarie/sistas-mindarie; /mindarie/the-boat-mindarie,n/a,A,153d,yes,no,yes,legitimate,n/a,n/a,n/a,n/a,n/a
Crawled — currently not indexed,https://perthpintprices.com/northbridge/the-standard,2026-06-24,pub,current eligible; report cohort may lag current state,200,,yes,pubs,2026-02-17T11:13:16.615Z,yes,limited,h1=yes; item_list=0; initial_html_path_links=17; methodology=no,11,0 (no rendered path from homepage),/happy-hour; /northbridge; /northbridge/bangkok-brothers-northbridge; /northbridge/northbridge-brewing-company; /northbridge/pleased-to-meet-you; /northbridge/sneaky-tonys; /northbridge/tiki-as-fk; /perth-cbd/the-aviary; /perth-cbd/the-flour-factory; /perth-cbd/the-royal; /perth-cbd/the-stables-bar,n/a,A,153d,yes,yes,no,legitimate,n/a,n/a,n/a,n/a,n/a
Crawled — currently not indexed,https://perthpintprices.com/perth-cbd/gramercy-bar-kitchen,2026-06-22,pub,current eligible; report cohort may lag current state,200,,yes,pubs,2026-03-02T01:04:13.840Z,yes,limited,h1=yes; item_list=0; initial_html_path_links=17; methodology=no,5,0 (no rendered path from homepage),/happy-hour; /perth-cbd; /perth-cbd/bobeche; /perth-cbd/petition-beer-corner; /perth/gramercy-bar-and-kitchen,n/a,A,140d,yes,yes,yes,legitimate,n/a,n/a,n/a,n/a,n/a
Crawled — currently not indexed,https://perthpintprices.com/fremantle/the-arbor,2026-06-22,pub,current eligible; report cohort may lag current state,200,,yes,pubs,2026-03-02T01:04:13.840Z,yes,limited,h1=yes; item_list=0; initial_html_path_links=17; methodology=no,14,0 (no rendered path from homepage),/fremantle; /fremantle/fremantle-public-golf-course; /fremantle/gimlet; /fremantle/handc-urban-winery; /fremantle/lchaim-bar; /fremantle/maltn-gold-small-bar; /fremantle/moon-and-mary; /fremantle/old-courthouse-fremantle; /fremantle/royal-fremantle-golf-club; /fremantle/the-norfolk-hotel; /fremantle/the-odd-fellow-bar; /fremantle/the-wray-hotel; … 2 more measured sources,n/a,A,140d,yes,yes,no,legitimate,n/a,n/a,n/a,n/a,n/a
Crawled — currently not indexed,https://perthpintprices.com/cannington/waverley-brewhouse,2026-06-04,pub,current eligible; report cohort may lag current state,200,,yes,pubs,2026-02-17T11:14:07.526Z,yes,limited,h1=yes; item_list=0; initial_html_path_links=17; methodology=no,7,0 (no rendered path from homepage),/cannington; /cannington/box-1-bar-and-restaurant; /cannington/china-bar-cannington; /cannington/grilld-carousel; /cannington/tgi-fridays-carousel; /cannington/varsity-cannington; /happy-hour,n/a,A,153d,yes,yes,no,legitimate,n/a,n/a,n/a,n/a,n/a
Crawled — currently not indexed,https://perthpintprices.com/northbridge/edward-idas,2026-05-23,pub,current eligible; report cohort may lag current state,200,,yes,pubs,2026-02-22T02:05:14.271Z,yes,limited,h1=yes; item_list=0; initial_html_path_links=17; methodology=no,5,0 (no rendered path from homepage),/northbridge; /northbridge/ambassador-bar; /northbridge/bar-399; /northbridge/glastonburys-bar-and-kitchen; /northbridge/no-mafia,n/a,B,148d,yes,no,no,legitimate,n/a,n/a,n/a,n/a,n/a
Crawled — currently not indexed,https://perthpintprices.com/perth/gramercy-bar-and-kitchen,2026-05-23,pub,current eligible; report cohort may lag current state,200,,yes,pubs,2026-02-27T05:47:30.538Z,yes,limited,h1=yes; item_list=0; initial_html_path_links=17; methodology=no,5,0 (no rendered path from homepage),/happy-hour; /happy-hour/monday; /perth; /perth/my-place-bar; /perth/the-loft-lounge-and-bar,n/a,A,unknown,no,yes,no,legitimate,n/a,n/a,n/a,n/a,n/a
Crawled — currently not indexed,https://perthpintprices.com/swan-valley/feral-brewing-company,2026-05-23,pub,current eligible; report cohort may lag current state,200,,yes,pubs,2026-02-17T11:14:34.454Z,yes,limited,h1=yes; item_list=0; initial_html_path_links=17; methodology=no,5,0 (no rendered path from homepage),/baskerville/baskerville-tavern; /swan-valley; /swan-valley/homestead-brewery; /swan-valley/mandoon-estate-brewery; /swan-valley/txoko-brewing,n/a,A,153d,yes,no,no,legitimate,n/a,n/a,n/a,n/a,n/a
Crawled — currently not indexed,https://perthpintprices.com/fremantle/whisper-wine-bar,2026-05-23,pub,current eligible; report cohort may lag current state,200,,yes,pubs,2026-02-17T11:13:16.615Z,yes,limited,h1=yes; item_list=0; initial_html_path_links=17; methodology=no,8,0 (no rendered path from homepage),/fremantle; /fremantle/aussie-ribs-fremantle; /fremantle/grilld-fremantle; /fremantle/little-creatures; /fremantle/metropolis-fremantle; /fremantle/patio-bar; /fremantle/the-flaming-galah-freo; /fremantle/the-poolside-bar,n/a,A,153d,yes,no,no,legitimate,n/a,n/a,n/a,n/a,n/a
Crawled — currently not indexed,https://perthpintprices.com/east-fremantle/the-left-bank,2026-05-23,pub,current eligible; report cohort may lag current state,200,,yes,pubs,2026-02-17T11:13:41.704Z,yes,limited,h1=yes; item_list=0; initial_html_path_links=17; methodology=no,8,0 (no rendered path from homepage),/east-fremantle; /east-fremantle/bar-and-courtyard-tradewinds-hotel; /east-fremantle/carnabys-cafe-bar-and-restaurant; /east-fremantle/sweetwater-rooftop-bar; /fremantle/jetty-bar-and-eats; /happy-hour; /mosman-park/8-knots-tavern; /student-pints-perth,n/a,A,153d,yes,yes,no,legitimate,n/a,n/a,n/a,n/a,n/a
Crawled — currently not indexed,https://perthpintprices.com/gidgegannup/noble-falls-tavern,2026-05-23,pub,current eligible; report cohort may lag current state,200,,yes,pubs,2026-06-02T05:22:00.218Z,yes,limited,h1=yes; item_list=0; initial_html_path_links=12; methodology=no,1,0 (no rendered path from homepage),/gidgegannup,n/a,A,48d,yes,no,no,legitimate,n/a,n/a,n/a,n/a,n/a
Crawled — currently not indexed,https://perthpintprices.com/fremantle/clancys-fish-pub,2026-05-23,pub,current eligible; report cohort may lag current state,200,,yes,pubs,2026-02-17T11:12:11.491Z,yes,limited,h1=yes; item_list=0; initial_html_path_links=17; methodology=no,9,0 (no rendered path from homepage),/east-fremantle/the-left-bank; /fremantle; /fremantle/sail-and-anchor; /fremantle/strange-company; /fremantle/the-arbor; /fremantle/the-national-hotel; /fremantle/whisper-wine-bar; /guides/dad-bar; /happy-hour,n/a,A,153d,yes,yes,no,legitimate,n/a,n/a,n/a,n/a,n/a
Crawled — currently not indexed,https://perthpintprices.com/leederville/the-oxford-hotel,2026-05-22,pub,current eligible; report cohort may lag current state,200,,yes,pubs,2026-03-02T01:04:13.840Z,yes,limited,h1=yes; item_list=0; initial_html_path_links=17; methodology=no,4,0 (no rendered path from homepage),/happy-hour; /leederville; /leederville/zaluna; /mount-hawthorn/casa-perth,n/a,A,140d,yes,yes,yes,legitimate,n/a,n/a,n/a,n/a,n/a
Crawled — currently not indexed,https://perthpintprices.com/subiaco/juanitas,2026-05-19,pub,current eligible; report cohort may lag current state,200,,yes,pubs,2026-02-17T11:13:16.615Z,yes,limited,h1=yes; item_list=0; initial_html_path_links=17; methodology=no,5,0 (no rendered path from homepage),/happy-hour; /perth-cbd/the-unicorn-bar; /student-pints-perth; /subiaco; /subiaco/hippo-bar,n/a,A,153d,yes,yes,no,legitimate,n/a,n/a,n/a,n/a,n/a
Crawled — currently not indexed,https://perthpintprices.com/cottesloe/cottesloe-beach-hotel,2026-05-19,pub,current eligible; report cohort may lag current state,200,,yes,pubs,2026-02-17T11:13:41.704Z,yes,limited,h1=yes; item_list=0; initial_html_path_links=17; methodology=no,8,0 (no rendered path from homepage),/cottesloe; /cottesloe/il-lido-italian-canteen; /cottesloe/indigo-oscar; /cottesloe/ocean-beach-hotel; /cottesloe/sea-view-golf-club; /guides/sunset-sippers; /happy-hour; /swanbourne/swanbourne-surf-club,n/a,A,153d,yes,yes,no,legitimate,n/a,n/a,n/a,n/a,n/a
Crawled — currently not indexed,https://perthpintprices.com/perth-cbd/the-stables-bar,2026-05-18,pub,current eligible; report cohort may lag current state,200,,yes,pubs,2026-02-17T11:13:16.615Z,yes,limited,h1=yes; item_list=0; initial_html_path_links=17; methodology=no,23,0 (no rendered path from homepage),/happy-hour; /insights/venue-breakdown; /perth-cbd; /perth-cbd/baha; /perth-cbd/bobs-bar; /perth-cbd/city-beer-hall-perth; /perth-cbd/durty-nellys-irish-pub; /perth-cbd/faradays-perth; /perth-cbd/flight-club; /perth-cbd/ivy-jack; /perth-cbd/mad-dogs-jungle-bar; /perth-cbd/nine-marys; … 11 more measured sources,n/a,A,153d,yes,yes,no,legitimate,n/a,n/a,n/a,n/a,n/a
Crawled — currently not indexed,https://perthpintprices.com/warnbro/warnbro-tavern,2026-05-18,pub,current eligible; report cohort may lag current state,200,,yes,pubs,2026-02-17T11:16:26.617Z,yes,limited,h1=yes; item_list=0; initial_html_path_links=12; methodology=no,1,0 (no rendered path from homepage),/warnbro,n/a,A,153d,yes,yes,yes,legitimate,n/a,n/a,n/a,n/a,n/a
Crawled — currently not indexed,https://perthpintprices.com/perth-cbd/the-flour-factory,2026-05-18,pub,current eligible; report cohort may lag current state,200,,yes,pubs,2026-02-17T11:13:16.615Z,yes,limited,h1=yes; item_list=0; initial_html_path_links=17; methodology=no,17,0 (no rendered path from homepage),/happy-hour; /insights/venue-breakdown; /perth-cbd; /perth-cbd/bobs-bar; /perth-cbd/durty-nellys-irish-pub; /perth-cbd/gramercy-bar-kitchen; /perth-cbd/ivy-jack; /perth-cbd/print-hall; /perth-cbd/sentinel-bar; /perth-cbd/the-aviary; /perth-cbd/the-generous-squire; /perth-cbd/the-reveley; … 5 more measured sources,n/a,A,153d,yes,yes,no,legitimate,n/a,n/a,n/a,n/a,n/a
Crawled — currently not indexed,https://perthpintprices.com/subiaco/the-village-bar,2026-05-18,pub,current eligible; report cohort may lag current state,200,,yes,pubs,2026-02-17T11:13:16.615Z,yes,limited,h1=yes; item_list=0; initial_html_path_links=17; methodology=no,8,0 (no rendered path from homepage),/happy-hour; /perth-cbd/the-unicorn-bar; /student-pints-perth; /subiaco; /subiaco/bark; /subiaco/juanitas; /subiaco/subiaco-bar-bistro; /wembley/the-wembley-hotel,n/a,A,153d,yes,yes,no,legitimate,n/a,n/a,n/a,n/a,n/a
Crawled — currently not indexed,https://perthpintprices.com/success/the-gate-bar-and-bistro,2026-05-18,pub,current eligible; report cohort may lag current state,200,,yes,pubs,2026-03-02T01:04:13.840Z,yes,limited,h1=yes; item_list=0; initial_html_path_links=17; methodology=no,7,0 (no rendered path from homepage),/cockburn-central/io-e-te-pizzeria-e-ristorante; /cockburn-central/the-local-house-bar-and-grill; /happy-hour; /student-pints-perth; /success; /success/lone-star-rib-house-cockburn; /success/majestic-india,n/a,A,140d,yes,yes,no,legitimate,n/a,n/a,n/a,n/a,n/a
Crawled — currently not indexed,https://perthpintprices.com/perth/chelsea-social-bar-and-restaurant,2026-05-18,pub,current eligible; report cohort may lag current state,200,,yes,pubs,2026-02-27T05:47:54.472Z,yes,limited,h1=yes; item_list=0; initial_html_path_links=17; methodology=no,11,0 (no rendered path from homepage),/happy-hour; /happy-hour/friday; /happy-hour/monday; /happy-hour/thursday; /happy-hour/tuesday; /happy-hour/wednesday; /perth; /perth-cbd/murray-mews; /perth/belgian-beer-cafe; /perth/ferrara-karaoke-bar; /perth/reyes-lounge,n/a,A,unknown,no,yes,no,legitimate,n/a,n/a,n/a,n/a,n/a
Crawled — currently not indexed,https://perthpintprices.com/perth/brown-street-grill,2026-05-18,pub,current eligible; report cohort may lag current state,200,,yes,pubs,2026-02-27T05:47:54.472Z,yes,limited,h1=yes; item_list=0; initial_html_path_links=17; methodology=no,5,0 (no rendered path from homepage),/east-perth/sangria-on-swan; /east-perth/the-claisebrook-bar; /east-perth/the-royal-on-the-waterfront; /happy-hour; /perth,n/a,A,unknown,no,yes,no,legitimate,n/a,n/a,n/a,n/a,n/a
Crawled — currently not indexed,https://perthpintprices.com/perth-cbd/tinys,2026-05-18,pub,current eligible; report cohort may lag current state,200,,yes,pubs,2026-02-22T02:05:14.271Z,yes,limited,h1=yes; item_list=0; initial_html_path_links=17; methodology=no,10,0 (no rendered path from homepage),/happy-hour; /happy-hour/friday; /happy-hour/thursday; /happy-hour/wednesday; /perth-cbd; /perth-cbd/city-beer-hall-perth; /perth-cbd/mad-dogs-jungle-bar; /perth-cbd/miss-chows-on-the-terrace; /perth-cbd/ngu; /perth/mount-street-breakfast-bar,n/a,A,148d,no,yes,no,legitimate,n/a,n/a,n/a,n/a,n/a
Crawled — currently not indexed,https://perthpintprices.com/burswood/three-bs-bar-and-bistro,2026-05-18,pub,current eligible; report cohort may lag current state,200,,yes,pubs,2026-02-17T11:14:34.454Z,yes,limited,h1=yes; item_list=0; initial_html_path_links=17; methodology=no,18,0 (no rendered path from homepage),/burswood; /burswood/crystal-club; /burswood/darrens-small-bar; /burswood/gladstones; /burswood/groove-bar-and-lounge; /burswood/hi-line-rooftop-bar; /burswood/la-vie-champagne-lounge; /burswood/lobby-lounge; /burswood/mesh-bar; /burswood/minq-bar-and-lounge; /burswood/pearl-room; /burswood/poolside-bar-and-grill; … 6 more measured sources,n/a,A,153d,yes,yes,no,legitimate,n/a,n/a,n/a,n/a,n/a
Crawled — currently not indexed,https://perthpintprices.com/scarborough/scarborough-sportsmens-club,2026-05-18,pub,current eligible; report cohort may lag current state,200,,yes,pubs,2026-06-03T00:36:56.238Z,yes,limited,h1=yes; item_list=0; initial_html_path_links=17; methodology=no,2,0 (no rendered path from homepage),/karrinyup/good-company-bar; /scarborough,n/a,A,47d,yes,no,yes,legitimate,n/a,n/a,n/a,n/a,n/a
Crawled — currently not indexed,https://perthpintprices.com/insights/pint-of-the-day,2026-05-18,insight,current eligible; report cohort may lag current state,200,,yes,content,2026-06-12T00:35:16.827Z,yes,limited,h1=yes; item_list=0; initial_html_path_links=15; methodology=no,1,0 (no rendered path from homepage),/discover,template/editorial date: see sitemap-content.xml,n/a,n/a,n/a,n/a,n/a,n/a,n/a,n/a,n/a,n/a,n/a
Crawled — currently not indexed,https://perthpintprices.com/bassendean/bassendean-hotel,2026-05-18,pub,current eligible; report cohort may lag current state,200,,yes,pubs,2026-02-22T02:04:32.103Z,yes,limited,h1=yes; item_list=0; initial_html_path_links=17; methodology=no,14,0 (no rendered path from homepage),/bassendean; /bassendean/4-mates-bar-and-grill-bassendean; /bassendean/bertie; /bassendean/down-the-road-bar-and-grill; /bassendean/freestyle-brewing; /bassendean/kuala-lumpur-cocktail-cafe; /bassendean/random-warehouse; /guides/dad-bar; /happy-hour; /happy-hour/friday; /happy-hour/monday; /happy-hour/thursday; … 2 more measured sources,n/a,A,148d,yes,yes,yes,legitimate,n/a,n/a,n/a,n/a,n/a
Crawled — currently not indexed,https://perthpintprices.com/west-perth/phat-brew-club,2026-05-18,pub,current eligible; report cohort may lag current state,200,,yes,pubs,2026-02-27T05:47:30.538Z,yes,limited,h1=yes; item_list=0; initial_html_path_links=17; methodology=no,9,0 (no rendered path from homepage),/discover; /happy-hour; /happy-hour/sunday; /happy-hour/tuesday; /insights/tonights-best-bets; /leederville/niche-bar; /west-leederville/nowhereman-brewing; /west-perth; /west-perth/brewdog-perth,n/a,A,unknown,no,yes,no,legitimate,n/a,n/a,n/a,n/a,n/a
Crawled — currently not indexed,https://perthpintprices.com/wembley/herdsman-lake-tavern,2026-05-17,pub,current eligible; report cohort may lag current state,200,,yes,pubs,2026-03-02T01:04:13.840Z,yes,limited,h1=yes; item_list=0; initial_html_path_links=17; methodology=no,3,0 (no rendered path from homepage),/happy-hour; /wembley; /wembley/the-wembley-hotel,n/a,A,140d,yes,yes,no,legitimate,n/a,n/a,n/a,n/a,n/a
Crawled — currently not indexed,https://perthpintprices.com/karrinyup/good-company-bar,2026-05-17,pub,current eligible; report cohort may lag current state,200,,yes,pubs,2026-06-12T00:35:05.718Z,yes,limited,h1=yes; item_list=0; initial_html_path_links=17; methodology=no,6,0 (no rendered path from homepage),/karrinyup; /karrinyup/caddys; /karrinyup/dandelion-spirit-co; /karrinyup/hamersley-public-golf-course; /karrinyup/lake-karrinyup-country-club; /karrinyup/sunny-social,n/a,A,38d,yes,no,no,legitimate,n/a,n/a,n/a,n/a,n/a
Crawled — currently not indexed,https://perthpintprices.com/canning-vale/gosnells-golf-club,2026-05-17,pub,current eligible; report cohort may lag current state,200,,yes,pubs,2026-02-28T05:35:22.467Z,yes,limited,h1=yes; item_list=0; initial_html_path_links=17; methodology=no,11,0 (no rendered path from homepage),/canning-vale; /canning-vale/brew-university-now-keg-fills-at-campus; /canning-vale/campus-brewing; /happy-hour; /happy-hour/friday; /happy-hour/monday; /happy-hour/thursday; /happy-hour/tuesday; /happy-hour/wednesday; /southern-river/brooklands-tavern; /southern-river/chimek-southern-river,n/a,A,142d,yes,yes,yes,legitimate,n/a,n/a,n/a,n/a,n/a
Crawled — currently not indexed,https://perthpintprices.com/insights/suburb-rankings,2026-05-17,insight,current eligible; report cohort may lag current state,200,,yes,content,2026-06-12T00:35:16.827Z,yes,limited,h1=yes; item_list=0; initial_html_path_links=32; methodology=no,151,0 (no rendered path from homepage),/alkimos; /applecross; /ardross; /armadale; /ashby; /attadale; /balcatta; /baldivis; /ballajura; /baskerville; /bassendean; /bayswater; … 139 more measured sources,template/editorial date: see sitemap-content.xml,n/a,n/a,n/a,n/a,n/a,n/a,n/a,n/a,n/a,n/a,n/a
Crawled — currently not indexed,https://perthpintprices.com/south-perth/samuels-on-mill,2026-05-17,pub,current eligible; report cohort may lag current state,200,,yes,pubs,2026-02-22T04:25:42.647Z,yes,limited,h1=yes; item_list=0; initial_html_path_links=17; methodology=no,7,0 (no rendered path from homepage),/happy-hour; /happy-hour/friday; /happy-hour/monday; /happy-hour/tuesday; /perth-cbd/faradays-perth; /perth/metro-bar-and-bistro; /south-perth,n/a,A,148d,yes,yes,no,legitimate,n/a,n/a,n/a,n/a,n/a
Crawled — currently not indexed,https://perthpintprices.com/currambine/the-pipers-inn,2026-05-17,pub,current eligible; report cohort may lag current state,200,,yes,pubs,2026-03-02T01:04:13.840Z,yes,limited,h1=yes; item_list=0; initial_html_path_links=17; methodology=no,7,0 (no rendered path from homepage),/connolly/joondalup-country-club; /connolly/kangaroo-arms; /currambine; /currambine/currambine-bar-and-bistro; /happy-hour; /iluka/bar-ole; /iluka/the-iluka,n/a,A,140d,yes,yes,yes,legitimate,n/a,n/a,n/a,n/a,n/a
Crawled — currently not indexed,https://perthpintprices.com/insights/venue-breakdown,2026-05-17,insight,current eligible; report cohort may lag current state,200,,yes,content,2026-06-12T00:35:16.827Z,yes,limited,h1=yes; item_list=0; initial_html_path_links=34; methodology=no,1,0 (no rendered path from homepage),/discover,template/editorial date: see sitemap-content.xml,n/a,n/a,n/a,n/a,n/a,n/a,n/a,n/a,n/a,n/a,n/a
Crawled — currently not indexed,https://perthpintprices.com/leederville/pinchos-bar-de-tapas,2026-05-17,pub,current eligible; report cohort may lag current state,200,,yes,pubs,2026-02-27T05:46:17.243Z,yes,limited,h1=yes; item_list=0; initial_html_path_links=17; methodology=no,10,0 (no rendered path from homepage),/happy-hour; /happy-hour/friday; /happy-hour/thursday; /happy-hour/tuesday; /happy-hour/wednesday; /leederville; /leederville/back-lot-perth; /leederville/fibber-mcgees; /leederville/the-garden; /leederville/the-whippet-club,n/a,A,unknown,no,yes,no,legitimate,n/a,n/a,n/a,n/a,n/a
Crawled — currently not indexed,https://perthpintprices.com/perth-cbd/fallow-liquor-eatery,2026-05-17,pub,current eligible; report cohort may lag current state,200,,yes,pubs,2026-03-02T01:04:13.840Z,yes,limited,h1=yes; item_list=0; initial_html_path_links=17; methodology=no,7,0 (no rendered path from homepage),/happy-hour; /northbridge/bar-399; /northbridge/lucky-chans-laundry-and-noodle-bar; /northbridge/the-moon-cafe-bar; /perth-cbd; /perth-cbd/the-ellington-jazz-club; /perth/the-moon,n/a,A,140d,yes,yes,yes,legitimate,n/a,n/a,n/a,n/a,n/a
Crawled — currently not indexed,https://perthpintprices.com/northbridge/patriots-sports-bar,2026-05-14,pub,current eligible; report cohort may lag current state,200,,yes,pubs,2026-02-27T05:47:07.061Z,yes,limited,h1=yes; item_list=0; initial_html_path_links=17; methodology=no,4,0 (no rendered path from homepage),/happy-hour; /northbridge; /northbridge/element-nightclub; /perth/shadow-bar-and-kitchen,n/a,A,unknown,no,yes,no,legitimate,n/a,n/a,n/a,n/a,n/a
Crawled — currently not indexed,https://perthpintprices.com/perth-cbd/the-aviary,2026-05-13,pub,current eligible; report cohort may lag current state,200,,yes,pubs,2026-02-17T11:14:07.526Z,yes,limited,h1=yes; item_list=0; initial_html_path_links=17; methodology=no,5,0 (no rendered path from homepage),/perth-cbd; /perth-cbd/petition-beer-corner; /perth-cbd/petition-brewery; /perth-cbd/the-globe; /pubs-near-perth-station,n/a,A,153d,yes,no,no,legitimate,n/a,n/a,n/a,n/a,n/a
Crawled — currently not indexed,https://perthpintprices.com/guildford/guildford-hotel,2026-05-13,pub,current eligible; report cohort may lag current state,200,,yes,pubs,2026-02-17T11:16:01.719Z,yes,limited,h1=yes; item_list=0; initial_html_path_links=17; methodology=no,7,0 (no rendered path from homepage),/bassendean/bassendean-hotel; /guides/dad-bar; /guildford; /guildford/stirling-arms-hotel; /guildford/the-garden-at-the-rose-and-crown-hotel; /guildford/woodbridge-hotel; /happy-hour,n/a,A,153d,yes,yes,yes,legitimate,n/a,n/a,n/a,n/a,n/a
Crawled — currently not indexed,https://perthpintprices.com/duncraig/rocky-ridge-duncraig-taphouse,2026-05-13,pub,current eligible; report cohort may lag current state,200,,yes,pubs,2026-02-17T11:15:13.252Z,yes,limited,h1=yes; item_list=0; initial_html_path_links=15; methodology=no,3,0 (no rendered path from homepage),/duncraig; /duncraig/carine-glades-tavern; /duncraig/sorrento-football-club,n/a,A,153d,yes,no,yes,legitimate,n/a,n/a,n/a,n/a,n/a
Crawled — currently not indexed,https://perthpintprices.com/swanbourne/upperhand-burgers,2026-05-12,pub,needs URL inspection: live route differs from GSC cohort,200,,yes,not listed,n/a,no (permanent closure),limited,h1=yes; item_list=0; initial_html_path_links=18; methodology=no,1,0 (no rendered path from homepage),/happy-hour,n/a,A,148d,yes,yes,no,closed,n/a,n/a,n/a,n/a,n/a
Crawled — currently not indexed,https://perthpintprices.com/dianella/dianella-tavern,2026-05-12,pub,current eligible; report cohort may lag current state,200,,yes,pubs,2026-02-17T11:16:01.719Z,yes,limited,h1=yes; item_list=0; initial_html_path_links=17; methodology=no,4,0 (no rendered path from homepage),/dianella; /guides/punt-and-pints; /morley/coventry-pavilion; /morley/the-morley-local,n/a,A,153d,yes,no,yes,legitimate,n/a,n/a,n/a,n/a,n/a
Crawled — currently not indexed,https://perthpintprices.com/bayswater/bayswater-hotel,2026-05-12,pub,current eligible; report cohort may lag current state,200,,yes,pubs,2026-04-20T05:27:03.092Z,yes,limited,h1=yes; item_list=0; initial_html_path_links=17; methodology=no,5,0 (no rendered path from homepage),/bassendean/caravan-and-tonic; /bassendean/random-warehouse; /bayswater; /bayswater/king-somm; /happy-hour,n/a,A,91d,yes,yes,yes,legitimate,n/a,n/a,n/a,n/a,n/a
Crawled — currently not indexed,https://perthpintprices.com/alkimos/oceans-27,2026-05-12,pub,current eligible; report cohort may lag current state,200,,yes,pubs,2026-02-18T02:04:30.884Z,yes,limited,h1=yes; item_list=0; initial_html_path_links=12; methodology=no,2,0 (no rendered path from homepage),/alkimos; /happy-hour,n/a,A,152d,yes,yes,yes,legitimate,n/a,n/a,n/a,n/a,n/a
Crawled — currently not indexed,https://perthpintprices.com/duncraig/carine-glades-tavern,2026-05-12,pub,current eligible; report cohort may lag current state,200,,yes,pubs,2026-02-27T05:45:51.430Z,yes,limited,h1=yes; item_list=0; initial_html_path_links=16; methodology=no,4,0 (no rendered path from homepage),/duncraig; /duncraig/rocky-ridge-duncraig-taphouse; /duncraig/sorrento-football-club; /karrinyup/lake-karrinyup-country-club,n/a,A,unknown,no,yes,no,legitimate,n/a,n/a,n/a,n/a,n/a
Crawled — currently not indexed,https://perthpintprices.com/northbridge/bar-399,2026-05-12,pub,current eligible; report cohort may lag current state,200,,yes,pubs,2026-02-22T04:25:42.647Z,yes,limited,h1=yes; item_list=0; initial_html_path_links=17; methodology=no,13,0 (no rendered path from homepage),/happy-hour; /happy-hour/friday; /happy-hour/monday; /happy-hour/saturday; /happy-hour/sunday; /happy-hour/thursday; /happy-hour/tuesday; /happy-hour/wednesday; /northbridge; /northbridge/margots-wine-and-oyster-bar; /northbridge/vincent-wine; /northbridge/wines-of-while; … 1 more measured sources,n/a,A,148d,yes,yes,no,legitimate,n/a,n/a,n/a,n/a,n/a
Crawled — currently not indexed,https://perthpintprices.com/northbridge/sneaky-tonys,2026-05-12,pub,current eligible; report cohort may lag current state,200,,yes,pubs,2026-02-27T05:46:41.457Z,yes,limited,h1=yes; item_list=0; initial_html_path_links=17; methodology=no,6,0 (no rendered path from homepage),/happy-hour; /happy-hour/monday; /happy-hour/saturday; /happy-hour/sunday; /northbridge; /northbridge/astral-weeks,n/a,A,unknown,no,yes,no,legitimate,n/a,n/a,n/a,n/a,n/a
Crawled — currently not indexed,https://perthpintprices.com/iluka/bar-ole,2026-05-12,pub,current eligible; report cohort may lag current state,200,,yes,pubs,2026-02-22T02:04:32.103Z,yes,limited,h1=yes; item_list=0; initial_html_path_links=16; methodology=no,10,0 (no rendered path from homepage),/currambine/currambine-bar-and-bistro; /currambine/the-pipers-inn; /happy-hour; /happy-hour/friday; /happy-hour/monday; /happy-hour/thursday; /happy-hour/tuesday; /happy-hour/wednesday; /iluka; /iluka/the-iluka,n/a,A,148d,yes,yes,no,legitimate,n/a,n/a,n/a,n/a,n/a
Crawled — currently not indexed,https://perthpintprices.com/perth/fenians-irish-pub,2026-05-11,pub,current eligible; report cohort may lag current state,200,,yes,pubs,2026-02-27T05:46:41.457Z,yes,limited,h1=yes; item_list=0; initial_html_path_links=17; methodology=no,6,0 (no rendered path from homepage),/happy-hour; /happy-hour/monday; /perth; /perth/hill-street-bar; /perth/m-s-vino; /perth/the-grosvenor-hotel,n/a,A,unknown,no,yes,no,legitimate,n/a,n/a,n/a,n/a,n/a
Crawled — currently not indexed,https://perthpintprices.com/port-kennedy/pk-tavern,2026-05-11,pub,current eligible; report cohort may lag current state,200,,yes,pubs,2026-02-17T11:16:26.617Z,yes,limited,h1=yes; item_list=0; initial_html_path_links=14; methodology=no,2,0 (no rendered path from homepage),/port-kennedy; /port-kennedy/links-kennedy-bay,n/a,A,153d,yes,no,yes,legitimate,n/a,n/a,n/a,n/a,n/a
Crawled — currently not indexed,https://perthpintprices.com/greenwood/greenwood-hotel,2026-05-11,pub,current eligible; report cohort may lag current state,200,,yes,pubs,2026-02-17T11:15:13.252Z,yes,limited,h1=yes; item_list=0; initial_html_path_links=14; methodology=no,2,0 (no rendered path from homepage),/greenwood; /marangaroo/village-cafe-and-burgers-greenwood,n/a,A,153d,yes,no,yes,legitimate,n/a,n/a,n/a,n/a,n/a
Crawled — currently not indexed,https://perthpintprices.com/scarborough/skol,2026-05-11,pub,current eligible; report cohort may lag current state,200,,yes,pubs,2026-02-17T11:15:13.252Z,yes,limited,h1=yes; item_list=0; initial_html_path_links=17; methodology=no,5,0 (no rendered path from homepage),/doubleview/st-brigid; /doubleview/the-corner-dairy; /scarborough; /scarborough/alchemy-brew-house; /scarborough/scarborough-lemonade-stand,n/a,A,153d,yes,no,yes,legitimate,n/a,n/a,n/a,n/a,n/a
Crawled — currently not indexed,https://perthpintprices.com/ocean-reef/ocean-reef-tavern,2026-05-11,pub,current eligible; report cohort may lag current state,200,,yes,pubs,2026-02-17T11:13:41.704Z,yes,limited,h1=yes; item_list=0; initial_html_path_links=14; methodology=no,2,0 (no rendered path from homepage),/ocean-reef; /ocean-reef/beldon-tavern,n/a,A,153d,yes,no,no,legitimate,n/a,n/a,n/a,n/a,n/a
Crawled — currently not indexed,https://perthpintprices.com/carmel/carmel-cider-co,2026-05-11,pub,current eligible; report cohort may lag current state,200,,yes,pubs,2026-02-27T05:48:42.859Z,yes,limited,h1=yes; item_list=0; initial_html_path_links=12; methodology=no,1,0 (no rendered path from homepage),/carmel,n/a,A,unknown,no,yes,no,legitimate,n/a,n/a,n/a,n/a,n/a
Crawled — currently not indexed,https://perthpintprices.com/woodlands/3sheets-on-the-lake,2026-05-11,pub,current eligible; report cohort may lag current state,200,,yes,pubs,2026-02-22T02:05:14.271Z,yes,limited,h1=yes; item_list=0; initial_html_path_links=17; methodology=no,8,0 (no rendered path from homepage),/happy-hour; /happy-hour/monday; /happy-hour/thursday; /happy-hour/tuesday; /happy-hour/wednesday; /woodlands; /woodlands/jackadders-restaurant; /woodlands/varsity-innaloo,n/a,A,148d,no,yes,no,legitimate,n/a,n/a,n/a,n/a,n/a
Crawled — currently not indexed,https://perthpintprices.com/north-perth/rosemount-hotel,2026-05-10,pub,current eligible; report cohort may lag current state,200,,yes,pubs,2026-02-22T04:25:42.647Z,yes,limited,h1=yes; item_list=0; initial_html_path_links=17; methodology=no,11,0 (no rendered path from homepage),/happy-hour; /happy-hour/friday; /happy-hour/monday; /happy-hour/tuesday; /happy-hour/wednesday; /insights/venue-breakdown; /north-perth; /north-perth/kings-and-angels; /north-perth/north-perth-bowling-club; /north-perth/obsidian-alternative-bar; /north-perth/the-old-laundry-bar-and-kitchen,n/a,A,148d,yes,yes,no,legitimate,n/a,n/a,n/a,n/a,n/a
Crawled — currently not indexed,https://perthpintprices.com/perth-cbd/flight-club,2026-05-10,pub,current eligible; report cohort may lag current state,200,,yes,pubs,2026-02-22T04:25:42.647Z,yes,limited,h1=yes; item_list=0; initial_html_path_links=17; methodology=no,11,0 (no rendered path from homepage),/happy-hour; /happy-hour/monday; /happy-hour/saturday; /happy-hour/sunday; /perth-cbd; /perth-cbd/baha; /perth-cbd/third-space; /perth-cbd/zypher-lounge; /perth/amplifier-bar; /perth/angel-falls-grill; /pubs-near-rac-arena,n/a,A,148d,yes,yes,no,legitimate,n/a,n/a,n/a,n/a,n/a
Crawled — currently not indexed,https://perthpintprices.com/perth-cbd/ivy-jack,2026-05-10,pub,current eligible; report cohort may lag current state,200,,yes,pubs,2026-02-22T02:05:14.271Z,yes,limited,h1=yes; item_list=0; initial_html_path_links=17; methodology=no,6,0 (no rendered path from homepage),/perth-cbd; /perth-cbd/gramercy-bar-kitchen; /perth/gramercy-bar-and-kitchen; /perth/my-place-bar; /perth/society-bar-and-kitchen; /perth/the-loft-lounge-and-bar,n/a,B,148d,yes,no,no,legitimate,n/a,n/a,n/a,n/a,n/a
Crawled — currently not indexed,https://perthpintprices.com/perth-cbd/the-royal,2026-05-10,pub,current eligible; report cohort may lag current state,200,,yes,pubs,2026-03-02T01:04:13.840Z,yes,limited,h1=yes; item_list=0; initial_html_path_links=17; methodology=no,10,0 (no rendered path from homepage),/happy-hour; /happy-hour/friday; /happy-hour/monday; /happy-hour/thursday; /happy-hour/tuesday; /happy-hour/wednesday; /perth-cbd; /perth-cbd/the-globe; /perth/ferrara-karaoke-bar; /pubs-near-perth-station,n/a,A,140d,yes,yes,no,legitimate,n/a,n/a,n/a,n/a,n/a
Crawled — currently not indexed,https://perthpintprices.com/insights/tonights-best-bets,2026-05-10,insight,current eligible; report cohort may lag current state,200,,yes,content,2026-06-12T00:35:16.827Z,yes,limited,h1=yes; item_list=0; initial_html_path_links=37; methodology=no,2,0 (no rendered path from homepage),/articles/perth-happy-hours-by-day; /discover,template/editorial date: see sitemap-content.xml,n/a,n/a,n/a,n/a,n/a,n/a,n/a,n/a,n/a,n/a,n/a
Crawled — currently not indexed,https://perthpintprices.com/yokine/the-mighty-quinn-tavern,2026-05-05,pub,current eligible; report cohort may lag current state,200,,yes,pubs,2026-06-03T00:36:44.517Z,yes,limited,h1=yes; item_list=0; initial_html_path_links=17; methodology=no,4,0 (no rendered path from homepage),/happy-hour; /yokine; /yokine/dine-n-sip; /yokine/western-australian-golf-club,n/a,A,47d,yes,yes,yes,legitimate,n/a,n/a,n/a,n/a,n/a
Crawled — currently not indexed,https://perthpintprices.com/floreat/the-sporting-globe-floreat,2026-05-04,pub,current eligible; report cohort may lag current state,200,,yes,pubs,2026-03-02T01:04:13.840Z,yes,limited,h1=yes; item_list=0; initial_html_path_links=17; methodology=no,5,0 (no rendered path from homepage),/floreat; /floreat/limestone-cafe; /floreat/mintonpl; /floreat/the-sporting-globe-bar-and-grill-floreat; /wembley-downs/wembley-golf-course,n/a,A,140d,yes,yes,no,legitimate,n/a,n/a,n/a,n/a,n/a
Crawled — currently not indexed,https://perthpintprices.com/carramar/the-duke,2026-04-29,pub,current eligible; report cohort may lag current state,200,,yes,pubs,2026-02-22T02:04:32.103Z,yes,limited,h1=yes; item_list=0; initial_html_path_links=16; methodology=no,10,0 (no rendered path from homepage),/carramar; /carramar/area-51-brewing; /carramar/carramar-golf-course; /carramar/comedy-shack; /happy-hour; /happy-hour/friday; /happy-hour/monday; /happy-hour/thursday; /happy-hour/tuesday; /happy-hour/wednesday,n/a,A,148d,yes,yes,yes,legitimate,n/a,n/a,n/a,n/a,n/a
Crawled — currently not indexed,https://perthpintprices.com/perth/ferrara-karaoke-bar,2026-04-29,pub,current eligible; report cohort may lag current state,200,,yes,pubs,2026-02-27T05:47:30.538Z,yes,limited,h1=yes; item_list=0; initial_html_path_links=17; methodology=no,2,0 (no rendered path from homepage),/happy-hour/tuesday; /perth,n/a,A,unknown,no,yes,no,legitimate,n/a,n/a,n/a,n/a,n/a
Crawled — currently not indexed,https://perthpintprices.com/guides/sunset-sippers,2026-04-25,guide,current eligible; report cohort may lag current state,200,,yes,content,2026-06-28T21:07:09.000Z,yes,limited,h1=yes; item_list=0; initial_html_path_links=24; methodology=no,1,0 (no rendered path from homepage),/discover,template/editorial date: see sitemap-content.xml,n/a,n/a,n/a,n/a,n/a,n/a,n/a,n/a,n/a,n/a,n/a
Crawled — currently not indexed,https://perthpintprices.com/northbridge/johnny-foxs,2026-04-25,pub,current eligible; report cohort may lag current state,200,,yes,pubs,2026-02-22T04:25:42.647Z,yes,limited,h1=yes; item_list=0; initial_html_path_links=17; methodology=no,7,0 (no rendered path from homepage),/happy-hour; /happy-hour/monday; /happy-hour/saturday; /happy-hour/sunday; /northbridge; /northbridge/northbridge-bar-dance-club; /pubs-near-rac-arena,n/a,A,148d,yes,yes,no,legitimate,n/a,n/a,n/a,n/a,n/a
Crawled — currently not indexed,https://perthpintprices.com/west-perth/brewdog-perth,2026-04-25,pub,current eligible; report cohort may lag current state,200,,yes,pubs,2026-02-27T05:47:07.061Z,yes,limited,h1=yes; item_list=0; initial_html_path_links=17; methodology=no,3,0 (no rendered path from homepage),/happy-hour; /west-perth; /west-perth/royal-india-restaurant,n/a,A,unknown,yes,yes,no,legitimate,n/a,n/a,n/a,n/a,n/a
Crawled — currently not indexed,https://perthpintprices.com/belmont/round-the-corner-bar-and-grill,2026-04-22,pub,current eligible; report cohort may lag current state,200,,yes,pubs,2026-02-17T11:16:01.719Z,yes,limited,h1=yes; item_list=0; initial_html_path_links=17; methodology=no,1,0 (no rendered path from homepage),/belmont,n/a,A,153d,yes,no,yes,legitimate,n/a,n/a,n/a,n/a,n/a
Crawled — currently not indexed,https://perthpintprices.com/perth/drunk-elephant-bar-bistro-and-shisha,2026-04-22,pub,current eligible; report cohort may lag current state,200,,yes,pubs,2026-02-27T05:47:30.538Z,yes,limited,h1=yes; item_list=0; initial_html_path_links=17; methodology=no,7,0 (no rendered path from homepage),/perth; /perth/archie-brothers-perth; /perth/arirang-korean-bbq-restaurant; /perth/lucys-love-shack; /perth/rooftop-at-qt; /perth/the-vault; /pubs-near-perth-station,n/a,A,unknown,no,yes,no,legitimate,n/a,n/a,n/a,n/a,n/a
Crawled — currently not indexed,https://perthpintprices.com/scarborough/the-peach-pit,2026-04-19,pub,current eligible; report cohort may lag current state,200,,yes,pubs,2026-02-17T11:13:41.704Z,yes,limited,h1=yes; item_list=0; initial_html_path_links=17; methodology=no,8,0 (no rendered path from homepage),/happy-hour; /scarborough; /scarborough/el-grotto; /scarborough/rendezvous-hotel-bar; /scarborough/the-galway-hooker; /scarborough/the-lookout-bar; /scarborough/the-sandbar; /trigg/island-market-trigg,n/a,A,153d,yes,yes,no,legitimate,n/a,n/a,n/a,n/a,n/a
Crawled — currently not indexed,https://perthpintprices.com/morley/the-morley-local,2026-04-15,pub,current eligible; report cohort may lag current state,200,,yes,pubs,2026-02-17T11:16:01.719Z,yes,limited,h1=yes; item_list=0; initial_html_path_links=17; methodology=no,6,0 (no rendered path from homepage),/morley; /morley/pearl-river-restaurant-pearl-grill-and-hotpot-dimsum; /morley/the-russell-inn-bar-and-restaurant; /morley/two40three-barandgrill-morley; /morley/up-in-smoke-cafe-and-shisha-lounge; /morley/varsity-morley,n/a,A,153d,yes,no,yes,legitimate,n/a,n/a,n/a,n/a,n/a
Crawled — currently not indexed,https://perthpintprices.com/connolly,2026-04-08,suburb,current eligible; report cohort may lag current state,200,,yes,suburbs,2026-04-19T06:50:43.788Z,yes,yes,h1=yes; item_list=2; initial_html_path_links=28; methodology=no,13,0 (no rendered path from homepage),/carramar; /clarkson; /connolly/joondalup-country-club; /connolly/kangaroo-arms; /craigie; /currambine; /iluka; /joondalup; /mindarie; /mullaloo; /neerabup; /ocean-reef; … 1 more measured sources,n/a,n/a,n/a,n/a,n/a,n/a,n/a,2,2,2,0,0/2 (0%)
Crawled — currently not indexed,https://perthpintprices.com/balcatta/7-mile-bar-bistro,2026-03-29,pub,current eligible; report cohort may lag current state,200,,yes,pubs,2026-02-17T11:13:41.704Z,yes,limited,h1=yes; item_list=0; initial_html_path_links=12; methodology=no,1,0 (no rendered path from homepage),/balcatta,n/a,A,153d,yes,no,no,legitimate,n/a,n/a,n/a,n/a,n/a
Crawled — currently not indexed,https://perthpintprices.com/guides/punt-and-pints,2026-03-17,guide,current eligible; report cohort may lag current state,200,,yes,content,2026-06-28T21:07:09.000Z,yes,limited,h1=yes; item_list=0; initial_html_path_links=24; methodology=no,1,0 (no rendered path from homepage),/discover,template/editorial date: see sitemap-content.xml,n/a,n/a,n/a,n/a,n/a,n/a,n/a,n/a,n/a,n/a,n/a
Crawled — currently not indexed,https://perthpintprices.com/discover,2026-03-06,content,current eligible; report cohort may lag current state,200,,yes,content,2026-06-12T00:35:16.827Z,yes,limited,h1=yes; item_list=0; initial_html_path_links=39; methodology=no,1014,0 (no rendered path from homepage),/alkimos; /alkimos/oceans-27; /applecross; /applecross/clancys-fish-pub-canning-bridge; /applecross/raffles-hotel; /applecross/stonewater-indian-restaurant; /applecross/the-heart-applecross; /applecross/tucci; /ardross; /ardross/bad-apples-bar; /ardross/the-quarter-acre-hotel; /armadale; … 1002 more measured sources,template/editorial date: see sitemap-content.xml,n/a,n/a,n/a,n/a,n/a,n/a,n/a,n/a,n/a,n/a,n/a
Discovered — currently not indexed,https://perthpintprices.com/articles,N/A (GSC export encoded unavailable as 1970-01-01),article-index,current eligible; report cohort may lag current state,200,,yes,content,2026-06-02T16:00:00.000Z,yes,limited,h1=yes; item_list=0; initial_html_path_links=13; methodology=no,1014,0 (no rendered path from homepage),/alkimos; /alkimos/oceans-27; /applecross; /applecross/clancys-fish-pub-canning-bridge; /applecross/raffles-hotel; /applecross/stonewater-indian-restaurant; /applecross/the-heart-applecross; /applecross/tucci; /ardross; /ardross/bad-apples-bar; /ardross/the-quarter-acre-hotel; /armadale; … 1002 more measured sources,template/editorial date: see sitemap-content.xml,n/a,n/a,n/a,n/a,n/a,n/a,n/a,n/a,n/a,n/a,n/a
Discovered — currently not indexed,https://perthpintprices.com/articles/perth-happy-hours-by-day,N/A (GSC export encoded unavailable as 1970-01-01),article,current eligible; report cohort may lag current state,200,,yes,content,2026-06-03T00:00:00.000+08:00,yes,limited,h1=yes; item_list=0; initial_html_path_links=24; methodology=no,10,0 (no rendered path from homepage),/articles; /discover; /happy-hour; /happy-hour/friday; /happy-hour/monday; /happy-hour/saturday; /happy-hour/sunday; /happy-hour/thursday; /happy-hour/tuesday; /happy-hour/wednesday,published 2026-06-03; updated 2026-06-03,n/a,n/a,n/a,n/a,n/a,n/a,n/a,n/a,n/a,n/a,n/a
Discovered — currently not indexed,https://perthpintprices.com/articles/proper-pint-schooner-middy-perth,N/A (GSC export encoded unavailable as 1970-01-01),article,current eligible; report cohort may lag current state,200,,yes,content,2026-06-03T00:00:00.000+08:00,yes,limited,h1=yes; item_list=0; initial_html_path_links=16; methodology=no,3,0 (no rendered path from homepage),/articles; /discover; /how-much-is-a-pint-in-perth,published 2026-06-03; updated 2026-06-03,n/a,n/a,n/a,n/a,n/a,n/a,n/a,n/a,n/a,n/a,n/a
Discovered — currently not indexed,https://perthpintprices.com/belmont/argyle-social,N/A (GSC export encoded unavailable as 1970-01-01),pub,current eligible; report cohort may lag current state,200,,yes,pubs,2026-06-02T05:21:58.109Z,yes,limited,h1=yes; item_list=0; initial_html_path_links=17; methodology=no,6,0 (no rendered path from homepage),/belmont; /belmont/aussie-ribs-ascot; /belmont/brewcha-libre-brewing-co; /belmont/firehouse-restaurant; /belmont/round-the-corner-bar-and-grill; /belmont/the-riverdeck-restaurant-and-bar,n/a,A,48d,yes,no,no,legitimate,n/a,n/a,n/a,n/a,n/a
Discovered — currently not indexed,https://perthpintprices.com/cheapest-pints,N/A (GSC export encoded unavailable as 1970-01-01),content,current eligible; report cohort may lag current state,200,,yes,content,2026-06-12T03:00:19.000Z,yes,yes,h1=yes; item_list=24; initial_html_path_links=40; methodology=no,1014,0 (no rendered path from homepage),/alkimos; /alkimos/oceans-27; /applecross; /applecross/clancys-fish-pub-canning-bridge; /applecross/raffles-hotel; /applecross/stonewater-indian-restaurant; /applecross/the-heart-applecross; /applecross/tucci; /ardross; /ardross/bad-apples-bar; /ardross/the-quarter-acre-hotel; /armadale; … 1002 more measured sources,template/editorial date: see sitemap-content.xml,n/a,n/a,n/a,n/a,n/a,n/a,n/a,n/a,n/a,n/a,n/a
Discovered — currently not indexed,https://perthpintprices.com/happy-hour/friday,N/A (GSC export encoded unavailable as 1970-01-01),happy-hour-day,current eligible; report cohort may lag current state,200,,yes,content,2026-06-12T00:35:16.827Z,yes,yes,h1=yes; item_list=38; initial_html_path_links=51; methodology=no,8,0 (no rendered path from homepage),/cheapest-pints; /happy-hour; /happy-hour/monday; /happy-hour/saturday; /happy-hour/sunday; /happy-hour/thursday; /happy-hour/tuesday; /happy-hour/wednesday,template/editorial date: see sitemap-content.xml,n/a,n/a,n/a,n/a,n/a,n/a,n/a,n/a,n/a,n/a,n/a
Discovered — currently not indexed,https://perthpintprices.com/happy-hour/monday,N/A (GSC export encoded unavailable as 1970-01-01),happy-hour-day,current eligible; report cohort may lag current state,200,,yes,content,2026-06-12T00:35:16.827Z,yes,yes,h1=yes; item_list=31; initial_html_path_links=51; methodology=no,7,0 (no rendered path from homepage),/happy-hour; /happy-hour/friday; /happy-hour/saturday; /happy-hour/sunday; /happy-hour/thursday; /happy-hour/tuesday; /happy-hour/wednesday,template/editorial date: see sitemap-content.xml,n/a,n/a,n/a,n/a,n/a,n/a,n/a,n/a,n/a,n/a,n/a
Discovered — currently not indexed,https://perthpintprices.com/happy-hour/saturday,N/A (GSC export encoded unavailable as 1970-01-01),happy-hour-day,current eligible; report cohort may lag current state,200,,yes,content,2026-06-12T00:35:16.827Z,yes,yes,h1=yes; item_list=14; initial_html_path_links=51; methodology=no,7,0 (no rendered path from homepage),/happy-hour; /happy-hour/friday; /happy-hour/monday; /happy-hour/sunday; /happy-hour/thursday; /happy-hour/tuesday; /happy-hour/wednesday,template/editorial date: see sitemap-content.xml,n/a,n/a,n/a,n/a,n/a,n/a,n/a,n/a,n/a,n/a,n/a
Discovered — currently not indexed,https://perthpintprices.com/happy-hour/sunday,N/A (GSC export encoded unavailable as 1970-01-01),happy-hour-day,current eligible; report cohort may lag current state,200,,yes,content,2026-06-12T00:35:16.827Z,yes,yes,h1=yes; item_list=14; initial_html_path_links=51; methodology=no,7,0 (no rendered path from homepage),/happy-hour; /happy-hour/friday; /happy-hour/monday; /happy-hour/saturday; /happy-hour/thursday; /happy-hour/tuesday; /happy-hour/wednesday,template/editorial date: see sitemap-content.xml,n/a,n/a,n/a,n/a,n/a,n/a,n/a,n/a,n/a,n/a,n/a
Discovered — currently not indexed,https://perthpintprices.com/happy-hour/thursday,N/A (GSC export encoded unavailable as 1970-01-01),happy-hour-day,current eligible; report cohort may lag current state,200,,yes,content,2026-06-12T00:35:16.827Z,yes,yes,h1=yes; item_list=42; initial_html_path_links=51; methodology=no,7,0 (no rendered path from homepage),/happy-hour; /happy-hour/friday; /happy-hour/monday; /happy-hour/saturday; /happy-hour/sunday; /happy-hour/tuesday; /happy-hour/wednesday,template/editorial date: see sitemap-content.xml,n/a,n/a,n/a,n/a,n/a,n/a,n/a,n/a,n/a,n/a,n/a
Discovered — currently not indexed,https://perthpintprices.com/happy-hour/tuesday,N/A (GSC export encoded unavailable as 1970-01-01),happy-hour-day,current eligible; report cohort may lag current state,200,,yes,content,2026-06-12T00:35:16.827Z,yes,yes,h1=yes; item_list=39; initial_html_path_links=51; methodology=no,7,0 (no rendered path from homepage),/happy-hour; /happy-hour/friday; /happy-hour/monday; /happy-hour/saturday; /happy-hour/sunday; /happy-hour/thursday; /happy-hour/wednesday,template/editorial date: see sitemap-content.xml,n/a,n/a,n/a,n/a,n/a,n/a,n/a,n/a,n/a,n/a,n/a
Discovered — currently not indexed,https://perthpintprices.com/happy-hour/wednesday,N/A (GSC export encoded unavailable as 1970-01-01),happy-hour-day,current eligible; report cohort may lag current state,200,,yes,content,2026-06-12T00:35:16.827Z,yes,yes,h1=yes; item_list=42; initial_html_path_links=51; methodology=no,7,0 (no rendered path from homepage),/happy-hour; /happy-hour/friday; /happy-hour/monday; /happy-hour/saturday; /happy-hour/sunday; /happy-hour/thursday; /happy-hour/tuesday,template/editorial date: see sitemap-content.xml,n/a,n/a,n/a,n/a,n/a,n/a,n/a,n/a,n/a,n/a,n/a
Discovered — currently not indexed,https://perthpintprices.com/how-much-is-a-pint-in-perth,N/A (GSC export encoded unavailable as 1970-01-01),content,current eligible; report cohort may lag current state,200,,yes,content,2026-06-12T03:00:19.000Z,yes,yes,h1=yes; item_list=8; initial_html_path_links=24; methodology=no,1014,0 (no rendered path from homepage),/alkimos; /alkimos/oceans-27; /applecross; /applecross/clancys-fish-pub-canning-bridge; /applecross/raffles-hotel; /applecross/stonewater-indian-restaurant; /applecross/the-heart-applecross; /applecross/tucci; /ardross; /ardross/bad-apples-bar; /ardross/the-quarter-acre-hotel; /armadale; … 1002 more measured sources,template/editorial date: see sitemap-content.xml,n/a,n/a,n/a,n/a,n/a,n/a,n/a,n/a,n/a,n/a,n/a
Discovered — currently not indexed,https://perthpintprices.com/pubs-near-elizabeth-quay,N/A (GSC export encoded unavailable as 1970-01-01),transport-hub,current eligible; report cohort may lag current state,200,,yes,content,2026-06-12T00:35:16.827Z,yes,yes,h1=yes; item_list=24; initial_html_path_links=39; methodology=no,3,0 (no rendered path from homepage),/pubs-near-optus-stadium; /pubs-near-perth-station; /pubs-near-rac-arena,template/editorial date: see sitemap-content.xml,n/a,n/a,n/a,n/a,n/a,n/a,n/a,n/a,n/a,n/a,n/a
Discovered — currently not indexed,https://perthpintprices.com/pubs-near-optus-stadium,N/A (GSC export encoded unavailable as 1970-01-01),transport-hub,current eligible; report cohort may lag current state,200,,yes,content,2026-06-12T00:35:16.827Z,yes,yes,h1=yes; item_list=24; initial_html_path_links=39; methodology=no,3,0 (no rendered path from homepage),/pubs-near-elizabeth-quay; /pubs-near-perth-station; /pubs-near-rac-arena,template/editorial date: see sitemap-content.xml,n/a,n/a,n/a,n/a,n/a,n/a,n/a,n/a,n/a,n/a,n/a
Discovered — currently not indexed,https://perthpintprices.com/pubs-near-perth-station,N/A (GSC export encoded unavailable as 1970-01-01),transport-hub,current eligible; report cohort may lag current state,200,,yes,content,2026-06-12T00:35:16.827Z,yes,yes,h1=yes; item_list=24; initial_html_path_links=39; methodology=no,1014,0 (no rendered path from homepage),/alkimos; /alkimos/oceans-27; /applecross; /applecross/clancys-fish-pub-canning-bridge; /applecross/raffles-hotel; /applecross/stonewater-indian-restaurant; /applecross/the-heart-applecross; /applecross/tucci; /ardross; /ardross/bad-apples-bar; /ardross/the-quarter-acre-hotel; /armadale; … 1002 more measured sources,template/editorial date: see sitemap-content.xml,n/a,n/a,n/a,n/a,n/a,n/a,n/a,n/a,n/a,n/a,n/a
Discovered — currently not indexed,https://perthpintprices.com/pubs-near-rac-arena,N/A (GSC export encoded unavailable as 1970-01-01),transport-hub,current eligible; report cohort may lag current state,200,,yes,content,2026-06-12T00:35:16.827Z,yes,yes,h1=yes; item_list=24; initial_html_path_links=39; methodology=no,3,0 (no rendered path from homepage),/pubs-near-elizabeth-quay; /pubs-near-optus-stadium; /pubs-near-perth-station,template/editorial date: see sitemap-content.xml,n/a,n/a,n/a,n/a,n/a,n/a,n/a,n/a,n/a,n/a,n/a
Discovered — currently not indexed,https://perthpintprices.com/student-pints-perth,N/A (GSC export encoded unavailable as 1970-01-01),content,current eligible; report cohort may lag current state,200,,yes,content,2026-06-12T03:00:19.000Z,yes,yes,h1=yes; item_list=24; initial_html_path_links=39; methodology=no,1014,0 (no rendered path from homepage),/alkimos; /alkimos/oceans-27; /applecross; /applecross/clancys-fish-pub-canning-bridge; /applecross/raffles-hotel; /applecross/stonewater-indian-restaurant; /applecross/the-heart-applecross; /applecross/tucci; /ardross; /ardross/bad-apples-bar; /ardross/the-quarter-acre-hotel; /armadale; … 1002 more measured sources,template/editorial date: see sitemap-content.xml,n/a,n/a,n/a,n/a,n/a,n/a,n/a,n/a,n/a,n/a,n/a
